"GEOID","ALAND","AWATER","ELIGFY19","Tot18","ID18","Perc18","Tot12","ID12","Perc12","firstGEOID18","B1_ID18","B1_Tot18","B1_Per18","B1_ID12","B1_Tot12","B1_Per12","secondGEOID18","B2_ID18","B2_Tot18","B2_Perc18","B2_ID12","B2_Tot12","B2_Perc12","weightnum18","weightpov18","weightPerc18","weightnum12","weightpov12","weightPerc12","combinations","weightPerc18_Yes","weightPerc18_No","weightPerc12_Yes","weightPerc12_No"
"560019627001","621821525","10095964","No",525,175,33.3,380,160,42.1,"560019629001",195,300,65,135,200,67.5,"560019639001",85,155,54.8,55,105,52.4,455,980,46.4285714285714,350,685,51.0948905109489,66,4,62,12,54
"560019627002","13712643","20846","Yes",150,70,46.7,95,50,52.6,NA,NA,NA,NA,NA,NA,NA,NA,NA,NA,NA,NA,NA,NA,0,0,0,0,0,0,NA,NA,NA,NA,NA
"560019628001","5629655","0","No",285,110,38.6,235,95,40.4,"560019629001",195,300,65,135,200,67.5,"560019628002",265,585,45.3,225,430,52.3,570,1170,48.7179487179487,455,865,52.6011560693642,6,1,5,2,4
"560019628002","1450830","0","Yes",585,265,45.3,430,225,52.3,NA,NA,NA,NA,NA,NA,NA,NA,NA,NA,NA,NA,NA,NA,0,0,0,0,0,0,NA,NA,NA,NA,NA
"560019629001","4684412","14595","Yes",300,195,65,200,135,67.5,NA,NA,NA,NA,NA,NA,NA,NA,NA,NA,NA,NA,NA,NA,0,0,0,0,0,0,NA,NA,NA,NA,NA
"560019629002","2429372","0","Yes",185,100,54.1,140,80,57.1,NA,NA,NA,NA,NA,NA,NA,NA,NA,NA,NA,NA,NA,NA,0,0,0,0,0,0,NA,NA,NA,NA,NA
"560019630001","1027368","25626","Yes",25,25,100,25,25,100,NA,NA,NA,NA,NA,NA,NA,NA,NA,NA,NA,NA,NA,NA,0,0,0,0,0,0,NA,NA,NA,NA,NA
"560019630002","2572215","0","Yes",300,250,83.3,235,205,87.2,NA,NA,NA,NA,NA,NA,NA,NA,NA,NA,NA,NA,NA,NA,0,0,0,0,0,0,NA,NA,NA,NA,NA
"560019631001","767451","0","No",300,25,8.3,190,0,0,NA,NA,NA,NA,NA,NA,NA,NA,NA,NA,NA,NA,NA,NA,0,0,0,0,0,0,NA,NA,NA,NA,NA
"560019631002","2916151","0","No",665,185,27.8,455,185,40.7,NA,NA,NA,NA,NA,NA,NA,NA,NA,NA,NA,NA,NA,NA,0,0,0,0,0,0,10,0,10,0,10
"560019631003","980035","0","No",290,100,34.5,100,15,15,NA,NA,NA,NA,NA,NA,NA,NA,NA,NA,NA,NA,NA,NA,0,0,0,0,0,0,NA,NA,NA,NA,NA
"560019631004","2337486","0","No",340,35,10.3,175,35,20,NA,NA,NA,NA,NA,NA,NA,NA,NA,NA,NA,NA,NA,NA,0,0,0,0,0,0,NA,NA,NA,NA,NA
"560019634001","680844","0","Yes",110,80,72.7,75,55,73.3,NA,NA,NA,NA,NA,NA,NA,NA,NA,NA,NA,NA,NA,NA,0,0,0,0,0,0,NA,NA,NA,NA,NA
"560019634002","183742","0","No",10,0,0,10,0,0,NA,NA,NA,NA,NA,NA,NA,NA,NA,NA,NA,NA,NA,NA,0,0,0,0,0,0,NA,NA,NA,NA,NA
"560019634003","229249","0","No",115,50,43.5,90,30,33.3,"560019635002",4,4,100,4,4,100,"560019630001",25,25,100,25,25,100,79,144,54.8611111111111,59,119,49.5798319327731,10,2,8,0,10
"560019634004","231888","0","No",80,20,25,25,10,40,NA,NA,NA,NA,NA,NA,NA,NA,NA,NA,NA,NA,NA,NA,0,0,0,0,0,0,6,0,6,0,6
"560019635001","232326","0","Yes",80,60,75,50,30,60,NA,NA,NA,NA,NA,NA,NA,NA,NA,NA,NA,NA,NA,NA,0,0,0,0,0,0,NA,NA,NA,NA,NA
"560019635002","1955548","0","Yes",4,4,100,4,4,100,NA,NA,NA,NA,NA,NA,NA,NA,NA,NA,NA,NA,NA,NA,0,0,0,0,0,0,NA,NA,NA,NA,NA
"560019636001","670685","0","No",130,40,30.8,110,40,36.4,NA,NA,NA,NA,NA,NA,NA,NA,NA,NA,NA,NA,NA,NA,0,0,0,0,0,0,NA,NA,NA,NA,NA
"560019636002","346755","0","No",215,0,0,125,0,0,NA,NA,NA,NA,NA,NA,NA,NA,NA,NA,NA,NA,NA,NA,0,0,0,0,0,0,NA,NA,NA,NA,NA
"560019636003","379020","0","No",140,15,10.7,120,0,0,NA,NA,NA,NA,NA,NA,NA,NA,NA,NA,NA,NA,NA,NA,0,0,0,0,0,0,NA,NA,NA,NA,NA
"560019636004","625223","0","No",265,85,32.1,235,85,36.2,NA,NA,NA,NA,NA,NA,NA,NA,NA,NA,NA,NA,NA,NA,0,0,0,0,0,0,NA,NA,NA,NA,NA
"560019637001","6207286","25228","No",240,50,20.8,150,35,23.3,NA,NA,NA,NA,NA,NA,NA,NA,NA,NA,NA,NA,NA,NA,0,0,0,0,0,0,NA,NA,NA,NA,NA
"560019637002","296702","0","No",155,70,45.2,155,70,45.2,NA,NA,NA,NA,NA,NA,NA,NA,NA,NA,NA,NA,NA,NA,0,0,0,0,0,0,10,0,10,0,10
"560019637003","4221921","0","No",450,135,30,390,90,23.1,NA,NA,NA,NA,NA,NA,NA,NA,NA,NA,NA,NA,NA,NA,0,0,0,0,0,0,NA,NA,NA,NA,NA
"560019637004","21748968","0","No",325,45,13.8,175,30,17.1,NA,NA,NA,NA,NA,NA,NA,NA,NA,NA,NA,NA,NA,NA,0,0,0,0,0,0,NA,NA,NA,NA,NA
"560019639001","7992129613","56555043","Yes",155,85,54.8,105,55,52.4,NA,NA,NA,NA,NA,NA,NA,NA,NA,NA,NA,NA,NA,NA,0,0,0,0,0,0,NA,NA,NA,NA,NA
"560019639002","2379986588","22424066","No",80,20,25,70,15,21.4,NA,NA,NA,NA,NA,NA,NA,NA,NA,NA,NA,NA,NA,NA,0,0,0,0,0,0,NA,NA,NA,NA,NA
"560039626001","2708741893","12361827","No",240,65,27.1,120,45,37.5,NA,NA,NA,NA,NA,NA,NA,NA,NA,NA,NA,NA,NA,NA,0,0,0,0,0,0,NA,NA,NA,NA,NA
"560039626002","1231870223","2177697","No",390,115,29.5,280,70,25,NA,NA,NA,NA,NA,NA,NA,NA,NA,NA,NA,NA,NA,NA,0,0,0,0,0,0,NA,NA,NA,NA,NA
"560039627001","1867397051","2837087","No",165,50,30.3,125,40,32,NA,NA,NA,NA,NA,NA,NA,NA,NA,NA,NA,NA,NA,NA,0,0,0,0,0,0,NA,NA,NA,NA,NA
"560039627002","446104367","11606","No",205,30,14.6,100,10,10,NA,NA,NA,NA,NA,NA,NA,NA,NA,NA,NA,NA,NA,NA,0,0,0,0,0,0,NA,NA,NA,NA,NA
"560039627003","2241201","0","Yes",520,285,54.8,365,210,57.5,NA,NA,NA,NA,NA,NA,NA,NA,NA,NA,NA,NA,NA,NA,0,0,0,0,0,0,NA,NA,NA,NA,NA
"560039628001","1065835544","22761656","No",510,75,14.7,320,35,10.9,NA,NA,NA,NA,NA,NA,NA,NA,NA,NA,NA,NA,NA,NA,0,0,0,0,0,0,NA,NA,NA,NA,NA
"560039628002","23931650","815761","Yes",355,155,43.7,290,155,53.4,NA,NA,NA,NA,NA,NA,NA,NA,NA,NA,NA,NA,NA,NA,0,0,0,0,0,0,NA,NA,NA,NA,NA
"560039628003","20849190","11304","No",360,85,23.6,245,55,22.4,NA,NA,NA,NA,NA,NA,NA,NA,NA,NA,NA,NA,NA,NA,0,0,0,0,0,0,NA,NA,NA,NA,NA
"560039628004","756529024","15425858","Yes",355,170,47.9,255,130,51,NA,NA,NA,NA,NA,NA,NA,NA,NA,NA,NA,NA,NA,NA,0,0,0,0,0,0,NA,NA,NA,NA,NA
"560050001001","3111969785","2514060","Yes",645,320,49.6,575,320,55.7,NA,NA,NA,NA,NA,NA,NA,NA,NA,NA,NA,NA,NA,NA,0,0,0,0,0,0,NA,NA,NA,NA,NA
"560050001002","2339945714","376744","No",905,185,20.4,670,160,23.9,NA,NA,NA,NA,NA,NA,NA,NA,NA,NA,NA,NA,NA,NA,0,0,0,0,0,0,NA,NA,NA,NA,NA
"560050001003","898824551","637122","No",930,50,5.4,655,45,6.9,NA,NA,NA,NA,NA,NA,NA,NA,NA,NA,NA,NA,NA,NA,0,0,0,0,0,0,NA,NA,NA,NA,NA
"560050001004","86441278","43269","No",1115,210,18.8,995,210,21.1,NA,NA,NA,NA,NA,NA,NA,NA,NA,NA,NA,NA,NA,NA,0,0,0,0,0,0,NA,NA,NA,NA,NA
"560050002001","3129439","42072","No",550,40,7.3,325,40,12.3,NA,NA,NA,NA,NA,NA,NA,NA,NA,NA,NA,NA,NA,NA,0,0,0,0,0,0,NA,NA,NA,NA,NA
"560050002002","9696757","0","No",325,100,30.8,245,100,40.8,NA,NA,NA,NA,NA,NA,NA,NA,NA,NA,NA,NA,NA,NA,0,0,0,0,0,0,10,0,10,0,10
"560050002003","68982215","69006","No",655,0,0,495,0,0,NA,NA,NA,NA,NA,NA,NA,NA,NA,NA,NA,NA,NA,NA,0,0,0,0,0,0,NA,NA,NA,NA,NA
"560050002004","7167025","0","No",735,65,8.8,530,65,12.3,NA,NA,NA,NA,NA,NA,NA,NA,NA,NA,NA,NA,NA,NA,0,0,0,0,0,0,NA,NA,NA,NA,NA
"560050003001","450348","0","Yes",160,105,65.6,160,105,65.6,NA,NA,NA,NA,NA,NA,NA,NA,NA,NA,NA,NA,NA,NA,0,0,0,0,0,0,NA,NA,NA,NA,NA
"560050003002","1037502","0","Yes",175,150,85.7,135,120,88.9,NA,NA,NA,NA,NA,NA,NA,NA,NA,NA,NA,NA,NA,NA,0,0,0,0,0,0,NA,NA,NA,NA,NA
"560050003003","22664177","350766","Yes",1125,320,28.4,515,180,35,NA,NA,NA,NA,NA,NA,NA,NA,NA,NA,NA,NA,NA,NA,0,0,0,0,0,0,NA,NA,NA,NA,NA
"560050003004","810226","0","Yes",450,195,43.3,190,90,47.4,NA,NA,NA,NA,NA,NA,NA,NA,NA,NA,NA,NA,NA,NA,0,0,0,0,0,0,NA,NA,NA,NA,NA
"560050004001","1258720","0","Yes",485,210,43.3,370,195,52.7,NA,NA,NA,NA,NA,NA,NA,NA,NA,NA,NA,NA,NA,NA,0,0,0,0,0,0,NA,NA,NA,NA,NA
"560050004002","759609","0","No",85,10,11.8,60,10,16.7,NA,NA,NA,NA,NA,NA,NA,NA,NA,NA,NA,NA,NA,NA,0,0,0,0,0,0,NA,NA,NA,NA,NA
"560050004003","1215252","0","No",260,45,17.3,210,45,21.4,NA,NA,NA,NA,NA,NA,NA,NA,NA,NA,NA,NA,NA,NA,0,0,0,0,0,0,NA,NA,NA,NA,NA
"560050004004","500594","0","No",270,25,9.3,255,20,7.8,NA,NA,NA,NA,NA,NA,NA,NA,NA,NA,NA,NA,NA,NA,0,0,0,0,0,0,NA,NA,NA,NA,NA
"560050005001","744689","0","No",535,40,7.5,270,40,14.8,NA,NA,NA,NA,NA,NA,NA,NA,NA,NA,NA,NA,NA,NA,0,0,0,0,0,0,NA,NA,NA,NA,NA
"560050005002","30015021","16162","No",845,280,33.1,605,240,39.7,NA,NA,NA,NA,NA,NA,NA,NA,NA,NA,NA,NA,NA,NA,0,0,0,0,0,0,NA,NA,NA,NA,NA
"560050005003","4516929","0","No",640,60,9.4,485,60,12.4,NA,NA,NA,NA,NA,NA,NA,NA,NA,NA,NA,NA,NA,NA,0,0,0,0,0,0,NA,NA,NA,NA,NA
"560050006001","10770304","0","No",265,20,7.5,155,0,0,NA,NA,NA,NA,NA,NA,NA,NA,NA,NA,NA,NA,NA,NA,0,0,0,0,0,0,NA,NA,NA,NA,NA
"560050006002","7031772","0","No",955,345,36.1,780,270,34.6,NA,NA,NA,NA,NA,NA,NA,NA,NA,NA,NA,NA,NA,NA,0,0,0,0,0,0,NA,NA,NA,NA,NA
"560050006003","2776149","0","Yes",180,180,100,50,50,100,NA,NA,NA,NA,NA,NA,NA,NA,NA,NA,NA,NA,NA,NA,0,0,0,0,0,0,NA,NA,NA,NA,NA
"560050007001","37383850","29824","No",1375,275,20,960,155,16.1,NA,NA,NA,NA,NA,NA,NA,NA,NA,NA,NA,NA,NA,NA,0,0,0,0,0,0,NA,NA,NA,NA,NA
"560050007002","3225501563","3079418","No",295,20,6.8,150,20,13.3,NA,NA,NA,NA,NA,NA,NA,NA,NA,NA,NA,NA,NA,NA,0,0,0,0,0,0,NA,NA,NA,NA,NA
"560050007003","2563670831","3879574","No",370,80,21.6,245,80,32.7,NA,NA,NA,NA,NA,NA,NA,NA,NA,NA,NA,NA,NA,NA,0,0,0,0,0,0,NA,NA,NA,NA,NA
"560079676001","3543775962","74485743","No",105,10,9.5,85,10,11.8,NA,NA,NA,NA,NA,NA,NA,NA,NA,NA,NA,NA,NA,NA,0,0,0,0,0,0,NA,NA,NA,NA,NA
"560079676002","5099286687","6610561","Yes",240,125,52.1,145,70,48.3,NA,NA,NA,NA,NA,NA,NA,NA,NA,NA,NA,NA,NA,NA,0,0,0,0,0,0,NA,NA,NA,NA,NA
"560079677001","19665526","98642","No",455,85,18.7,350,65,18.6,NA,NA,NA,NA,NA,NA,NA,NA,NA,NA,NA,NA,NA,NA,0,0,0,0,0,0,NA,NA,NA,NA,NA
"560079677002","1790508","0","Yes",465,240,51.6,320,150,46.9,NA,NA,NA,NA,NA,NA,NA,NA,NA,NA,NA,NA,NA,NA,0,0,0,0,0,0,NA,NA,NA,NA,NA
"560079677003","2379287","0","Yes",200,145,72.5,180,125,69.4,NA,NA,NA,NA,NA,NA,NA,NA,NA,NA,NA,NA,NA,NA,0,0,0,0,0,0,NA,NA,NA,NA,NA
"560079677004","1765465","0","No",225,105,46.7,165,65,39.4,"560079677003",145,200,72.5,125,180,69.4,"560079676002",125,240,52.1,70,145,48.3,375,665,56.390977443609,260,490,53.0612244897959,3,1,2,1,2
"560079678001","24187907","14446","No",180,0,0,155,0,0,NA,NA,NA,NA,NA,NA,NA,NA,NA,NA,NA,NA,NA,NA,0,0,0,0,0,0,NA,NA,NA,NA,NA
"560079678002","1644401","0","No",255,85,33.3,215,65,30.2,NA,NA,NA,NA,NA,NA,NA,NA,NA,NA,NA,NA,NA,NA,0,0,0,0,0,0,NA,NA,NA,NA,NA
"560079678003","710223","0","No",235,55,23.4,140,55,39.3,NA,NA,NA,NA,NA,NA,NA,NA,NA,NA,NA,NA,NA,NA,0,0,0,0,0,0,NA,NA,NA,NA,NA
"560079678004","1418423","0","No",300,125,41.7,255,120,47.1,"560079677003",145,200,72.5,125,180,69.4,"560079676002",125,240,52.1,70,145,48.3,395,740,53.3783783783784,315,580,54.3103448275862,10,1,9,2,8
"560079680001","1554195893","5724117","No",220,15,6.8,160,15,9.4,NA,NA,NA,NA,NA,NA,NA,NA,NA,NA,NA,NA,NA,NA,0,0,0,0,0,0,NA,NA,NA,NA,NA
"560079680002","21836026","1749216","No",250,45,18,110,20,18.2,NA,NA,NA,NA,NA,NA,NA,NA,NA,NA,NA,NA,NA,NA,0,0,0,0,0,0,NA,NA,NA,NA,NA
"560079680003","3275619903","7495036","No",455,55,12.1,365,40,11,NA,NA,NA,NA,NA,NA,NA,NA,NA,NA,NA,NA,NA,NA,0,0,0,0,0,0,NA,NA,NA,NA,NA
"560079681001","3678627921","59012474","No",225,90,40,155,50,32.3,NA,NA,NA,NA,NA,NA,NA,NA,NA,NA,NA,NA,NA,NA,0,0,0,0,0,0,15,0,15,0,15
"560079681002","3228310879","16196002","No",130,40,30.8,80,20,25,NA,NA,NA,NA,NA,NA,NA,NA,NA,NA,NA,NA,NA,NA,0,0,0,0,0,0,NA,NA,NA,NA,NA
"560099564001","82733648","572862","Yes",285,145,50.9,185,90,48.6,NA,NA,NA,NA,NA,NA,NA,NA,NA,NA,NA,NA,NA,NA,0,0,0,0,0,0,NA,NA,NA,NA,NA
"560099564002","2338534","82873","Yes",285,125,43.9,135,90,66.7,NA,NA,NA,NA,NA,NA,NA,NA,NA,NA,NA,NA,NA,NA,0,0,0,0,0,0,NA,NA,NA,NA,NA
"560099564003","5413448","293951","No",225,10,4.4,155,0,0,NA,NA,NA,NA,NA,NA,NA,NA,NA,NA,NA,NA,NA,NA,0,0,0,0,0,0,NA,NA,NA,NA,NA
"560099564004","30674137","0","No",630,65,10.3,420,65,15.5,NA,NA,NA,NA,NA,NA,NA,NA,NA,NA,NA,NA,NA,NA,0,0,0,0,0,0,NA,NA,NA,NA,NA
"560099565001","34853646","411104","No",425,10,2.4,335,10,3,NA,NA,NA,NA,NA,NA,NA,NA,NA,NA,NA,NA,NA,NA,0,0,0,0,0,0,NA,NA,NA,NA,NA
"560099565002","2167205","125178","No",290,100,34.5,220,70,31.8,NA,NA,NA,NA,NA,NA,NA,NA,NA,NA,NA,NA,NA,NA,0,0,0,0,0,0,NA,NA,NA,NA,NA
"560099566001","6967110749","8587489","No",345,110,31.9,235,65,27.7,NA,NA,NA,NA,NA,NA,NA,NA,NA,NA,NA,NA,NA,NA,0,0,0,0,0,0,NA,NA,NA,NA,NA
"560099566002","2058344077","7538622","No",285,45,15.8,200,45,22.5,NA,NA,NA,NA,NA,NA,NA,NA,NA,NA,NA,NA,NA,NA,0,0,0,0,0,0,NA,NA,NA,NA,NA
"560099566003","1810520073","8008798","No",195,65,33.3,145,35,24.1,NA,NA,NA,NA,NA,NA,NA,NA,NA,NA,NA,NA,NA,NA,0,0,0,0,0,0,NA,NA,NA,NA,NA
"560099567001","8689287","583365","No",505,210,41.6,365,115,31.5,NA,NA,NA,NA,NA,NA,NA,NA,NA,NA,NA,NA,NA,NA,0,0,0,0,0,0,3,0,3,0,3
"560099567002","17405351","0","No",215,35,16.3,125,25,20,NA,NA,NA,NA,NA,NA,NA,NA,NA,NA,NA,NA,NA,NA,0,0,0,0,0,0,NA,NA,NA,NA,NA
"560119502001","2971238844","4235106","No",325,55,16.9,230,40,17.4,NA,NA,NA,NA,NA,NA,NA,NA,NA,NA,NA,NA,NA,NA,0,0,0,0,0,0,NA,NA,NA,NA,NA
"560119502002","2182664318","23581241","No",520,85,16.3,315,20,6.3,NA,NA,NA,NA,NA,NA,NA,NA,NA,NA,NA,NA,NA,NA,0,0,0,0,0,0,NA,NA,NA,NA,NA
"560119502003","49250442","0","No",455,165,36.3,335,125,37.3,NA,NA,NA,NA,NA,NA,NA,NA,NA,NA,NA,NA,NA,NA,0,0,0,0,0,0,NA,NA,NA,NA,NA
"560119503001","2108293506","354395","Yes",205,100,48.8,180,100,55.6,NA,NA,NA,NA,NA,NA,NA,NA,NA,NA,NA,NA,NA,NA,0,0,0,0,0,0,NA,NA,NA,NA,NA
"560119503002","81621823","15311","No",295,15,5.1,230,0,0,NA,NA,NA,NA,NA,NA,NA,NA,NA,NA,NA,NA,NA,NA,0,0,0,0,0,0,NA,NA,NA,NA,NA
"560130001001","10993301","0","Yes",380,210,55.3,315,195,61.9,NA,NA,NA,NA,NA,NA,NA,NA,NA,NA,NA,NA,NA,NA,0,0,0,0,0,0,NA,NA,NA,NA,NA
"560130001002","23115842","0","Yes",665,355,53.4,410,210,51.2,NA,NA,NA,NA,NA,NA,NA,NA,NA,NA,NA,NA,NA,NA,0,0,0,0,0,0,NA,NA,NA,NA,NA
"560130002001","1345310","0","No",350,35,10,220,15,6.8,NA,NA,NA,NA,NA,NA,NA,NA,NA,NA,NA,NA,NA,NA,0,0,0,0,0,0,NA,NA,NA,NA,NA
"560130002002","17211973","0","Yes",495,175,35.4,290,145,50,NA,NA,NA,NA,NA,NA,NA,NA,NA,NA,NA,NA,NA,NA,0,0,0,0,0,0,NA,NA,NA,NA,NA
"560130003001","5652965","0","No",85,10,11.8,85,10,11.8,NA,NA,NA,NA,NA,NA,NA,NA,NA,NA,NA,NA,NA,NA,0,0,0,0,0,0,NA,NA,NA,NA,NA
"560130003002","5525281118","17975994","No",240,95,39.6,200,65,32.5,NA,NA,NA,NA,NA,NA,NA,NA,NA,NA,NA,NA,NA,NA,0,0,0,0,0,0,NA,NA,NA,NA,NA
"560130003003","6778268880","19549421","No",475,95,20,295,80,27.1,NA,NA,NA,NA,NA,NA,NA,NA,NA,NA,NA,NA,NA,NA,0,0,0,0,0,0,NA,NA,NA,NA,NA
"560130004001","3517319527","25399737","No",235,20,8.5,170,20,11.8,NA,NA,NA,NA,NA,NA,NA,NA,NA,NA,NA,NA,NA,NA,0,0,0,0,0,0,NA,NA,NA,NA,NA
"560139401001","4762960634","41407381","Yes",140,65,46.4,80,45,56.3,NA,NA,NA,NA,NA,NA,NA,NA,NA,NA,NA,NA,NA,NA,0,0,0,0,0,0,NA,NA,NA,NA,NA
"560139401002","56523356","2166443","Yes",500,280,56,350,210,60,NA,NA,NA,NA,NA,NA,NA,NA,NA,NA,NA,NA,NA,NA,0,0,0,0,0,0,NA,NA,NA,NA,NA
"560139401003","76685667","37053","Yes",710,355,50,515,265,51.5,NA,NA,NA,NA,NA,NA,NA,NA,NA,NA,NA,NA,NA,NA,0,0,0,0,0,0,NA,NA,NA,NA,NA
"560139402011","1332405704","67491604","No",180,30,16.7,110,15,13.6,NA,NA,NA,NA,NA,NA,NA,NA,NA,NA,NA,NA,NA,NA,0,0,0,0,0,0,NA,NA,NA,NA,NA
"560139402012","232640507","24949266","No",365,145,39.7,245,90,36.7,NA,NA,NA,NA,NA,NA,NA,NA,NA,NA,NA,NA,NA,NA,0,0,0,0,0,0,NA,NA,NA,NA,NA
"560139402013","178128093","0","Yes",540,260,48.1,365,200,54.8,NA,NA,NA,NA,NA,NA,NA,NA,NA,NA,NA,NA,NA,NA,0,0,0,0,0,0,NA,NA,NA,NA,NA
"560139402021","254142303","0","Yes",565,335,59.3,400,250,62.5,NA,NA,NA,NA,NA,NA,NA,NA,NA,NA,NA,NA,NA,NA,0,0,0,0,0,0,NA,NA,NA,NA,NA
"560139402022","264335730","2530987","Yes",275,105,38.2,160,75,46.9,NA,NA,NA,NA,NA,NA,NA,NA,NA,NA,NA,NA,NA,NA,0,0,0,0,0,0,NA,NA,NA,NA,NA
"560139402023","101655887","546676","Yes",610,310,50.8,420,205,48.8,NA,NA,NA,NA,NA,NA,NA,NA,NA,NA,NA,NA,NA,NA,0,0,0,0,0,0,NA,NA,NA,NA,NA
"560139402024","570993361","9942761","Yes",450,255,56.7,365,220,60.3,NA,NA,NA,NA,NA,NA,NA,NA,NA,NA,NA,NA,NA,NA,0,0,0,0,0,0,NA,NA,NA,NA,NA
"560139403001","21725497","528778","Yes",120,35,29.2,60,35,58.3,NA,NA,NA,NA,NA,NA,NA,NA,NA,NA,NA,NA,NA,NA,0,0,0,0,0,0,NA,NA,NA,NA,NA
"560139403002","11344952","378393","Yes",295,100,33.9,190,100,52.6,NA,NA,NA,NA,NA,NA,NA,NA,NA,NA,NA,NA,NA,NA,0,0,0,0,0,0,NA,NA,NA,NA,NA
"560139403003","710939","0","No",170,35,20.6,100,20,20,NA,NA,NA,NA,NA,NA,NA,NA,NA,NA,NA,NA,NA,NA,0,0,0,0,0,0,NA,NA,NA,NA,NA
"560139403004","4319067","192145","No",355,90,25.4,300,75,25,NA,NA,NA,NA,NA,NA,NA,NA,NA,NA,NA,NA,NA,NA,0,0,0,0,0,0,NA,NA,NA,NA,NA
"560139403005","1308590","0","Yes",300,170,56.7,215,140,65.1,NA,NA,NA,NA,NA,NA,NA,NA,NA,NA,NA,NA,NA,NA,0,0,0,0,0,0,NA,NA,NA,NA,NA
"560139404001","17095755","0","Yes",275,150,54.5,200,115,57.5,NA,NA,NA,NA,NA,NA,NA,NA,NA,NA,NA,NA,NA,NA,0,0,0,0,0,0,NA,NA,NA,NA,NA
"560139404002","8491829","38715","No",165,0,0,120,0,0,NA,NA,NA,NA,NA,NA,NA,NA,NA,NA,NA,NA,NA,NA,0,0,0,0,0,0,NA,NA,NA,NA,NA
"560139404003","1307294","0","No",420,110,26.2,265,100,37.7,NA,NA,NA,NA,NA,NA,NA,NA,NA,NA,NA,NA,NA,NA,0,0,0,0,0,0,NA,NA,NA,NA,NA
"560139404004","2188186","0","No",50,20,40,50,20,40,"560139404001",150,275,54.5,115,200,57.5,"560139405001",120,250,48,90,200,45,290,575,50.4347826086956,225,450,50,10,1,9,1,9
"560139404005","4537085","67400","No",410,155,37.8,335,105,31.3,NA,NA,NA,NA,NA,NA,NA,NA,NA,NA,NA,NA,NA,NA,0,0,0,0,0,0,NA,NA,NA,NA,NA
"560139405001","897986","0","No",250,120,48,200,90,45,"560139404001",150,275,54.5,115,200,57.5,"560139404004",20,50,40,20,50,40,290,575,50.4347826086956,225,450,50,15,1,14,2,13
"560139405002","606891","0","No",260,60,23.1,160,35,21.9,NA,NA,NA,NA,NA,NA,NA,NA,NA,NA,NA,NA,NA,NA,0,0,0,0,0,0,NA,NA,NA,NA,NA
"560139405003","760495","0","No",200,65,32.5,130,60,46.2,"560139403005",170,300,56.7,140,215,65.1,"560139405001",120,250,48,90,200,45,355,750,47.3333333333333,290,545,53.2110091743119,15,0,15,1,14
"560159577001","2501295832","2262197","No",55,15,27.3,30,10,33.3,NA,NA,NA,NA,NA,NA,NA,NA,NA,NA,NA,NA,NA,NA,0,0,0,0,0,0,NA,NA,NA,NA,NA
"560159577002","126031198","1716040","No",295,110,37.3,190,70,36.8,NA,NA,NA,NA,NA,NA,NA,NA,NA,NA,NA,NA,NA,NA,0,0,0,0,0,0,NA,NA,NA,NA,NA
"560159578001","450019","0","No",195,35,17.9,145,10,6.9,NA,NA,NA,NA,NA,NA,NA,NA,NA,NA,NA,NA,NA,NA,0,0,0,0,0,0,NA,NA,NA,NA,NA
"560159578002","27645428","0","No",125,10,8,95,0,0,NA,NA,NA,NA,NA,NA,NA,NA,NA,NA,NA,NA,NA,NA,0,0,0,0,0,0,NA,NA,NA,NA,NA
"560159578003","12165388","314843","Yes",275,200,72.7,235,195,83,NA,NA,NA,NA,NA,NA,NA,NA,NA,NA,NA,NA,NA,NA,0,0,0,0,0,0,NA,NA,NA,NA,NA
"560159579001","25808945","136101","No",320,50,15.6,190,40,21.1,NA,NA,NA,NA,NA,NA,NA,NA,NA,NA,NA,NA,NA,NA,0,0,0,0,0,0,NA,NA,NA,NA,NA
"560159579002","47677444","34876","No",585,235,40.2,395,180,45.6,NA,NA,NA,NA,NA,NA,NA,NA,NA,NA,NA,NA,NA,NA,0,0,0,0,0,0,6,0,6,1,5
"560159579003","14790324","704990","Yes",120,115,95.8,95,95,100,NA,NA,NA,NA,NA,NA,NA,NA,NA,NA,NA,NA,NA,NA,0,0,0,0,0,0,NA,NA,NA,NA,NA
"560159579004","363879","0","No",135,35,25.9,95,30,31.6,NA,NA,NA,NA,NA,NA,NA,NA,NA,NA,NA,NA,NA,NA,0,0,0,0,0,0,NA,NA,NA,NA,NA
"560159580001","37207840","489652","Yes",110,65,59.1,90,60,66.7,NA,NA,NA,NA,NA,NA,NA,NA,NA,NA,NA,NA,NA,NA,0,0,0,0,0,0,NA,NA,NA,NA,NA
"560159580002","455593190","1470584","Yes",260,150,57.7,140,75,53.6,NA,NA,NA,NA,NA,NA,NA,NA,NA,NA,NA,NA,NA,NA,0,0,0,0,0,0,NA,NA,NA,NA,NA
"560159580003","2515281960","9839956","Yes",315,195,61.9,170,155,91.2,NA,NA,NA,NA,NA,NA,NA,NA,NA,NA,NA,NA,NA,NA,0,0,0,0,0,0,NA,NA,NA,NA,NA
"560179678001","3244781","95515","Yes",310,210,67.7,215,140,65.1,NA,NA,NA,NA,NA,NA,NA,NA,NA,NA,NA,NA,NA,NA,0,0,0,0,0,0,NA,NA,NA,NA,NA
"560179678002","2043571","24613","Yes",265,130,49.1,200,105,52.5,NA,NA,NA,NA,NA,NA,NA,NA,NA,NA,NA,NA,NA,NA,0,0,0,0,0,0,NA,NA,NA,NA,NA
"560179679001","3700509835","1747190","No",330,75,22.7,235,60,25.5,NA,NA,NA,NA,NA,NA,NA,NA,NA,NA,NA,NA,NA,NA,0,0,0,0,0,0,NA,NA,NA,NA,NA
"560179679002","1484791504","4097040","Yes",60,50,83.3,40,30,75,NA,NA,NA,NA,NA,NA,NA,NA,NA,NA,NA,NA,NA,NA,0,0,0,0,0,0,NA,NA,NA,NA,NA
"560199551001","10693622635","52749372","No",590,85,14.4,395,20,5.1,NA,NA,NA,NA,NA,NA,NA,NA,NA,NA,NA,NA,NA,NA,0,0,0,0,0,0,NA,NA,NA,NA,NA
"560199552001","23886448","27077","Yes",285,110,38.6,210,110,52.4,NA,NA,NA,NA,NA,NA,NA,NA,NA,NA,NA,NA,NA,NA,0,0,0,0,0,0,NA,NA,NA,NA,NA
"560199552002","18764413","36857","No",230,50,21.7,185,35,18.9,NA,NA,NA,NA,NA,NA,NA,NA,NA,NA,NA,NA,NA,NA,0,0,0,0,0,0,NA,NA,NA,NA,NA
"560199552003","16537122","50390","No",425,90,21.2,290,70,24.1,NA,NA,NA,NA,NA,NA,NA,NA,NA,NA,NA,NA,NA,NA,0,0,0,0,0,0,NA,NA,NA,NA,NA
"560199552004","6398110","83849","No",435,40,9.2,330,0,0,NA,NA,NA,NA,NA,NA,NA,NA,NA,NA,NA,NA,NA,NA,0,0,0,0,0,0,NA,NA,NA,NA,NA
"560210002001","3009459","0","Yes",330,290,87.9,270,235,87,NA,NA,NA,NA,NA,NA,NA,NA,NA,NA,NA,NA,NA,NA,0,0,0,0,0,0,NA,NA,NA,NA,NA
"560210002002","1695096","0","Yes",220,210,95.5,210,195,92.9,NA,NA,NA,NA,NA,NA,NA,NA,NA,NA,NA,NA,NA,NA,0,0,0,0,0,0,NA,NA,NA,NA,NA
"560210002003","2865464","0","Yes",260,75,28.8,150,50,33.3,NA,NA,NA,NA,NA,NA,NA,NA,NA,NA,NA,NA,NA,NA,0,0,0,0,0,0,NA,NA,NA,NA,NA
"560210003001","262421","0","No",405,135,33.3,225,45,20,NA,NA,NA,NA,NA,NA,NA,NA,NA,NA,NA,NA,NA,NA,0,0,0,0,0,0,NA,NA,NA,NA,NA
"560210003002","5704902","0","No",790,170,21.5,490,95,19.4,NA,NA,NA,NA,NA,NA,NA,NA,NA,NA,NA,NA,NA,NA,0,0,0,0,0,0,NA,NA,NA,NA,NA
"560210004011","2015875","0","Yes",220,85,38.6,105,55,52.4,NA,NA,NA,NA,NA,NA,NA,NA,NA,NA,NA,NA,NA,NA,0,0,0,0,0,0,NA,NA,NA,NA,NA
"560210004012","1254875","0","Yes",245,210,85.7,200,170,85,NA,NA,NA,NA,NA,NA,NA,NA,NA,NA,NA,NA,NA,NA,0,0,0,0,0,0,NA,NA,NA,NA,NA
"560210004013","1540578","0","Yes",120,80,66.7,70,65,92.9,NA,NA,NA,NA,NA,NA,NA,NA,NA,NA,NA,NA,NA,NA,0,0,0,0,0,0,NA,NA,NA,NA,NA
"560210004014","8969549","0","Yes",80,0,0,50,0,0,NA,NA,NA,NA,NA,NA,NA,NA,NA,NA,NA,NA,NA,NA,0,0,0,0,0,0,NA,NA,NA,NA,NA
"560210004015","1717053","0","Yes",435,220,50.6,325,190,58.5,NA,NA,NA,NA,NA,NA,NA,NA,NA,NA,NA,NA,NA,NA,0,0,0,0,0,0,NA,NA,NA,NA,NA
"560210004021","7722522","115335","Yes",445,210,47.2,305,135,44.3,NA,NA,NA,NA,NA,NA,NA,NA,NA,NA,NA,NA,NA,NA,0,0,0,0,0,0,NA,NA,NA,NA,NA
"560210004022","1890554","0","Yes",655,510,77.9,455,445,97.8,NA,NA,NA,NA,NA,NA,NA,NA,NA,NA,NA,NA,NA,NA,0,0,0,0,0,0,NA,NA,NA,NA,NA
"560210004023","1927761","0","Yes",535,250,46.7,395,190,48.1,NA,NA,NA,NA,NA,NA,NA,NA,NA,NA,NA,NA,NA,NA,0,0,0,0,0,0,NA,NA,NA,NA,NA
"560210005011","2553467","0","No",900,155,17.2,700,155,22.1,NA,NA,NA,NA,NA,NA,NA,NA,NA,NA,NA,NA,NA,NA,0,0,0,0,0,0,NA,NA,NA,NA,NA
"560210005012","1326132","0","No",385,100,26,310,100,32.3,NA,NA,NA,NA,NA,NA,NA,NA,NA,NA,NA,NA,NA,NA,0,0,0,0,0,0,NA,NA,NA,NA,NA
"560210005013","995415","0","No",440,105,23.9,360,90,25,NA,NA,NA,NA,NA,NA,NA,NA,NA,NA,NA,NA,NA,NA,0,0,0,0,0,0,NA,NA,NA,NA,NA
"560210005014","814505","0","No",290,50,17.2,250,50,20,NA,NA,NA,NA,NA,NA,NA,NA,NA,NA,NA,NA,NA,NA,0,0,0,0,0,0,NA,NA,NA,NA,NA
"560210005015","415268","0","No",135,0,0,115,0,0,NA,NA,NA,NA,NA,NA,NA,NA,NA,NA,NA,NA,NA,NA,0,0,0,0,0,0,NA,NA,NA,NA,NA
"560210006001","1056961","0","No",425,10,2.4,275,10,3.6,NA,NA,NA,NA,NA,NA,NA,NA,NA,NA,NA,NA,NA,NA,0,0,0,0,0,0,NA,NA,NA,NA,NA
"560210006002","661974","0","Yes",250,145,58,205,145,70.7,NA,NA,NA,NA,NA,NA,NA,NA,NA,NA,NA,NA,NA,NA,0,0,0,0,0,0,NA,NA,NA,NA,NA
"560210006003","824122","0","No",290,55,19,250,55,22,NA,NA,NA,NA,NA,NA,NA,NA,NA,NA,NA,NA,NA,NA,0,0,0,0,0,0,NA,NA,NA,NA,NA
"560210006004","617943","0","No",185,20,10.8,155,20,12.9,NA,NA,NA,NA,NA,NA,NA,NA,NA,NA,NA,NA,NA,NA,0,0,0,0,0,0,NA,NA,NA,NA,NA
"560210007001","3571521","0","Yes",40,20,50,40,20,50,NA,NA,NA,NA,NA,NA,NA,NA,NA,NA,NA,NA,NA,NA,0,0,0,0,0,0,NA,NA,NA,NA,NA
"560210007002","863513","0","Yes",415,245,59,345,230,66.7,NA,NA,NA,NA,NA,NA,NA,NA,NA,NA,NA,NA,NA,NA,0,0,0,0,0,0,NA,NA,NA,NA,NA
"560210007003","1140011","1620","Yes",185,50,27,70,50,71.4,NA,NA,NA,NA,NA,NA,NA,NA,NA,NA,NA,NA,NA,NA,0,0,0,0,0,0,NA,NA,NA,NA,NA
"560210008001","533803","0","No",90,15,16.7,40,4,10,NA,NA,NA,NA,NA,NA,NA,NA,NA,NA,NA,NA,NA,NA,0,0,0,0,0,0,NA,NA,NA,NA,NA
"560210008002","399341","0","Yes",125,55,44,95,50,52.6,NA,NA,NA,NA,NA,NA,NA,NA,NA,NA,NA,NA,NA,NA,0,0,0,0,0,0,NA,NA,NA,NA,NA
"560210008003","372637","0","No",165,35,21.2,85,10,11.8,NA,NA,NA,NA,NA,NA,NA,NA,NA,NA,NA,NA,NA,NA,0,0,0,0,0,0,NA,NA,NA,NA,NA
"560210009001","1770187","173242","No",100,4,4,65,4,6.2,NA,NA,NA,NA,NA,NA,NA,NA,NA,NA,NA,NA,NA,NA,0,0,0,0,0,0,NA,NA,NA,NA,NA
"560210009002","1133894","107473","No",155,70,45.2,125,50,40,NA,NA,NA,NA,NA,NA,NA,NA,NA,NA,NA,NA,NA,NA,0,0,0,0,0,0,15,0,15,0,15
"560210009003","277245","0","No",140,0,0,60,0,0,NA,NA,NA,NA,NA,NA,NA,NA,NA,NA,NA,NA,NA,NA,0,0,0,0,0,0,NA,NA,NA,NA,NA
"560210009004","426723","0","No",110,0,0,50,0,0,NA,NA,NA,NA,NA,NA,NA,NA,NA,NA,NA,NA,NA,NA,0,0,0,0,0,0,NA,NA,NA,NA,NA
"560210010001","852388","0","Yes",270,135,50,240,135,56.3,NA,NA,NA,NA,NA,NA,NA,NA,NA,NA,NA,NA,NA,NA,0,0,0,0,0,0,NA,NA,NA,NA,NA
"560210010002","387806","0","Yes",215,110,51.2,150,70,46.7,NA,NA,NA,NA,NA,NA,NA,NA,NA,NA,NA,NA,NA,NA,0,0,0,0,0,0,NA,NA,NA,NA,NA
"560210010003","277563","0","Yes",130,50,38.5,50,50,100,NA,NA,NA,NA,NA,NA,NA,NA,NA,NA,NA,NA,NA,NA,0,0,0,0,0,0,NA,NA,NA,NA,NA
"560210010004","517156","0","Yes",135,60,44.4,65,30,46.2,NA,NA,NA,NA,NA,NA,NA,NA,NA,NA,NA,NA,NA,NA,0,0,0,0,0,0,NA,NA,NA,NA,NA
"560210011001","1566413","61260","Yes",260,135,51.9,225,120,53.3,NA,NA,NA,NA,NA,NA,NA,NA,NA,NA,NA,NA,NA,NA,0,0,0,0,0,0,NA,NA,NA,NA,NA
"560210011002","9081126","0","No",235,95,40.4,230,95,41.3,"560210011001",135,260,51.9,120,225,53.3,"560210010001",135,270,50,135,240,56.3,365,765,47.7124183006536,350,695,50.3597122302158,21,0,21,1,20
"560210011003","1875623","0","No",245,4,1.6,220,4,1.8,NA,NA,NA,NA,NA,NA,NA,NA,NA,NA,NA,NA,NA,NA,0,0,0,0,0,0,NA,NA,NA,NA,NA
"560210012001","3308798","0","No",330,0,0,125,0,0,NA,NA,NA,NA,NA,NA,NA,NA,NA,NA,NA,NA,NA,NA,0,0,0,0,0,0,NA,NA,NA,NA,NA
"560210012002","837346","0","No",480,0,0,345,0,0,NA,NA,NA,NA,NA,NA,NA,NA,NA,NA,NA,NA,NA,NA,0,0,0,0,0,0,NA,NA,NA,NA,NA
"560210012003","808280","0","No",125,30,24,85,15,17.6,NA,NA,NA,NA,NA,NA,NA,NA,NA,NA,NA,NA,NA,NA,0,0,0,0,0,0,NA,NA,NA,NA,NA
"560210012004","1362256","0","No",240,0,0,165,0,0,NA,NA,NA,NA,NA,NA,NA,NA,NA,NA,NA,NA,NA,NA,0,0,0,0,0,0,NA,NA,NA,NA,NA
"560210013001","1073337","0","No",430,10,2.3,315,10,3.2,NA,NA,NA,NA,NA,NA,NA,NA,NA,NA,NA,NA,NA,NA,0,0,0,0,0,0,NA,NA,NA,NA,NA
"560210013002","1067543","0","No",755,220,29.1,425,175,41.2,NA,NA,NA,NA,NA,NA,NA,NA,NA,NA,NA,NA,NA,NA,0,0,0,0,0,0,21,0,21,0,21
"560210013003","679351","0","Yes",80,40,50,40,40,100,NA,NA,NA,NA,NA,NA,NA,NA,NA,NA,NA,NA,NA,NA,0,0,0,0,0,0,NA,NA,NA,NA,NA
"560210013004","6978556","0","No",715,125,17.5,345,75,21.7,NA,NA,NA,NA,NA,NA,NA,NA,NA,NA,NA,NA,NA,NA,0,0,0,0,0,0,NA,NA,NA,NA,NA
"560210014011","2661174","0","No",270,110,40.7,140,65,46.4,"560210015022",475,630,75.4,350,495,70.7,"560210014022",120,360,33.3,120,295,40.7,705,1260,55.952380952381,535,930,57.5268817204301,45,7,38,7,38
"560210014012","930393","0","No",320,15,4.7,180,15,8.3,NA,NA,NA,NA,NA,NA,NA,NA,NA,NA,NA,NA,NA,NA,0,0,0,0,0,0,NA,NA,NA,NA,NA
"560210014013","401047","0","No",385,160,41.6,275,135,49.1,NA,NA,NA,NA,NA,NA,NA,NA,NA,NA,NA,NA,NA,NA,0,0,0,0,0,0,3,0,3,0,3
"560210014021","8676239","0","No",120,0,0,80,0,0,NA,NA,NA,NA,NA,NA,NA,NA,NA,NA,NA,NA,NA,NA,0,0,0,0,0,0,NA,NA,NA,NA,NA
"560210014022","3986473","0","No",360,120,33.3,295,120,40.7,NA,NA,NA,NA,NA,NA,NA,NA,NA,NA,NA,NA,NA,NA,0,0,0,0,0,0,21,0,21,0,21
"560210015011","950986","0","No",300,80,26.7,230,55,23.9,NA,NA,NA,NA,NA,NA,NA,NA,NA,NA,NA,NA,NA,NA,0,0,0,0,0,0,NA,NA,NA,NA,NA
"560210015012","15152853","0","No",625,4,0.6,490,0,0,NA,NA,NA,NA,NA,NA,NA,NA,NA,NA,NA,NA,NA,NA,0,0,0,0,0,0,NA,NA,NA,NA,NA
"560210015013","631877","0","No",370,60,16.2,345,35,10.1,NA,NA,NA,NA,NA,NA,NA,NA,NA,NA,NA,NA,NA,NA,0,0,0,0,0,0,NA,NA,NA,NA,NA
"560210015021","834073","0","Yes",520,290,55.8,440,290,65.9,NA,NA,NA,NA,NA,NA,NA,NA,NA,NA,NA,NA,NA,NA,0,0,0,0,0,0,NA,NA,NA,NA,NA
"560210015022","1503013","0","Yes",630,475,75.4,495,350,70.7,NA,NA,NA,NA,NA,NA,NA,NA,NA,NA,NA,NA,NA,NA,0,0,0,0,0,0,NA,NA,NA,NA,NA
"560210015023","2414619","0","Yes",240,50,20.8,230,40,17.4,NA,NA,NA,NA,NA,NA,NA,NA,NA,NA,NA,NA,NA,NA,0,0,0,0,0,0,NA,NA,NA,NA,NA
"560210019011","77213636","0","No",405,10,2.5,250,4,1.6,NA,NA,NA,NA,NA,NA,NA,NA,NA,NA,NA,NA,NA,NA,0,0,0,0,0,0,NA,NA,NA,NA,NA
"560210019012","177907042","0","No",690,80,11.6,505,60,11.9,NA,NA,NA,NA,NA,NA,NA,NA,NA,NA,NA,NA,NA,NA,0,0,0,0,0,0,NA,NA,NA,NA,NA
"560210019013","1261077923","112824","No",150,20,13.3,150,20,13.3,NA,NA,NA,NA,NA,NA,NA,NA,NA,NA,NA,NA,NA,NA,0,0,0,0,0,0,NA,NA,NA,NA,NA
"560210019021","694975182","1975109","No",95,15,15.8,75,15,20,NA,NA,NA,NA,NA,NA,NA,NA,NA,NA,NA,NA,NA,NA,0,0,0,0,0,0,NA,NA,NA,NA,NA
"560210019022","508969220","263693","No",385,0,0,270,0,0,NA,NA,NA,NA,NA,NA,NA,NA,NA,NA,NA,NA,NA,NA,0,0,0,0,0,0,NA,NA,NA,NA,NA
"560210019023","1374468794","257769","No",455,125,27.5,330,110,33.3,NA,NA,NA,NA,NA,NA,NA,NA,NA,NA,NA,NA,NA,NA,0,0,0,0,0,0,NA,NA,NA,NA,NA
"560210020001","301506506","0","No",1250,155,12.4,1020,110,10.8,NA,NA,NA,NA,NA,NA,NA,NA,NA,NA,NA,NA,NA,NA,0,0,0,0,0,0,NA,NA,NA,NA,NA
"560210020002","1420811489","160265","No",360,70,19.4,255,55,21.6,NA,NA,NA,NA,NA,NA,NA,NA,NA,NA,NA,NA,NA,NA,0,0,0,0,0,0,NA,NA,NA,NA,NA
"560210020003","426038794","110771","No",370,65,17.6,250,60,24,NA,NA,NA,NA,NA,NA,NA,NA,NA,NA,NA,NA,NA,NA,0,0,0,0,0,0,NA,NA,NA,NA,NA
"560210020004","580807930","934455","No",565,90,15.9,420,90,21.4,NA,NA,NA,NA,NA,NA,NA,NA,NA,NA,NA,NA,NA,NA,0,0,0,0,0,0,NA,NA,NA,NA,NA
"560219808011","3558951","0","No",0,0,0,0,0,0,NA,NA,NA,NA,NA,NA,NA,NA,NA,NA,NA,NA,NA,NA,0,0,0,0,0,0,NA,NA,NA,NA,NA
"560239780001","3653534820","4878973","No",50,10,20,40,4,10,NA,NA,NA,NA,NA,NA,NA,NA,NA,NA,NA,NA,NA,NA,0,0,0,0,0,0,NA,NA,NA,NA,NA
"560239780002","77774236","2408648","No",620,145,23.4,495,120,24.2,NA,NA,NA,NA,NA,NA,NA,NA,NA,NA,NA,NA,NA,NA,0,0,0,0,0,0,NA,NA,NA,NA,NA
"560239780003","119980453","0","No",495,230,46.5,280,110,39.3,NA,NA,NA,NA,NA,NA,NA,NA,NA,NA,NA,NA,NA,NA,0,0,0,0,0,0,6,0,6,0,6
"560239780004","56367454","0","No",525,30,5.7,415,15,3.6,NA,NA,NA,NA,NA,NA,NA,NA,NA,NA,NA,NA,NA,NA,0,0,0,0,0,0,NA,NA,NA,NA,NA
"560239781001","151005496","28063","Yes",775,395,51,565,270,47.8,NA,NA,NA,NA,NA,NA,NA,NA,NA,NA,NA,NA,NA,NA,0,0,0,0,0,0,NA,NA,NA,NA,NA
"560239781002","24495523","39823","Yes",270,150,55.6,210,115,54.8,NA,NA,NA,NA,NA,NA,NA,NA,NA,NA,NA,NA,NA,NA,0,0,0,0,0,0,NA,NA,NA,NA,NA
"560239781003","11323685","0","Yes",445,230,51.7,305,165,54.1,NA,NA,NA,NA,NA,NA,NA,NA,NA,NA,NA,NA,NA,NA,0,0,0,0,0,0,NA,NA,NA,NA,NA
"560239781004","104475358","5705","No",675,125,18.5,405,75,18.5,NA,NA,NA,NA,NA,NA,NA,NA,NA,NA,NA,NA,NA,NA,0,0,0,0,0,0,NA,NA,NA,NA,NA
"560239782001","3132112440","8033547","No",385,175,45.5,305,140,45.9,NA,NA,NA,NA,NA,NA,NA,NA,NA,NA,NA,NA,NA,NA,0,0,0,0,0,0,15,0,15,3,12
"560239782002","3103714064","34539927","No",140,40,28.6,95,35,36.8,NA,NA,NA,NA,NA,NA,NA,NA,NA,NA,NA,NA,NA,NA,0,0,0,0,0,0,NA,NA,NA,NA,NA
"560239784001","112883555","4605","No",395,90,22.8,275,40,14.5,NA,NA,NA,NA,NA,NA,NA,NA,NA,NA,NA,NA,NA,NA,0,0,0,0,0,0,NA,NA,NA,NA,NA
"560239784002","552008","0","No",130,15,11.5,50,4,8,NA,NA,NA,NA,NA,NA,NA,NA,NA,NA,NA,NA,NA,NA,0,0,0,0,0,0,NA,NA,NA,NA,NA
"560239784003","6854659","8101","No",360,35,9.7,295,25,8.5,NA,NA,NA,NA,NA,NA,NA,NA,NA,NA,NA,NA,NA,NA,0,0,0,0,0,0,NA,NA,NA,NA,NA
"560250002001","978498","4923","Yes",200,125,62.5,160,125,78.1,NA,NA,NA,NA,NA,NA,NA,NA,NA,NA,NA,NA,NA,NA,0,0,0,0,0,0,NA,NA,NA,NA,NA
"560250002002","1875087","25535","Yes",395,220,55.7,190,170,89.5,NA,NA,NA,NA,NA,NA,NA,NA,NA,NA,NA,NA,NA,NA,0,0,0,0,0,0,NA,NA,NA,NA,NA
"560250002003","2136343","44526","Yes",30,10,33.3,10,10,100,NA,NA,NA,NA,NA,NA,NA,NA,NA,NA,NA,NA,NA,NA,0,0,0,0,0,0,NA,NA,NA,NA,NA
"560250003001","1013992","0","No",380,95,25,210,65,31,NA,NA,NA,NA,NA,NA,NA,NA,NA,NA,NA,NA,NA,NA,0,0,0,0,0,0,NA,NA,NA,NA,NA
"560250003002","1404219","0","No",540,165,30.6,370,150,40.5,"560250003003",90,125,72,75,85,88.2,"560250004003",170,265,64.2,155,230,67.4,425,930,45.6989247311828,380,685,55.4744525547445,10,0,10,1,9
"560250003003","418562","0","Yes",125,90,72,85,75,88.2,NA,NA,NA,NA,NA,NA,NA,NA,NA,NA,NA,NA,NA,NA,0,0,0,0,0,0,NA,NA,NA,NA,NA
"560250004001","931088","0","Yes",500,295,59,350,235,67.1,NA,NA,NA,NA,NA,NA,NA,NA,NA,NA,NA,NA,NA,NA,0,0,0,0,0,0,NA,NA,NA,NA,NA
"560250004002","396457","0","Yes",215,120,55.8,145,65,44.8,NA,NA,NA,NA,NA,NA,NA,NA,NA,NA,NA,NA,NA,NA,0,0,0,0,0,0,NA,NA,NA,NA,NA
"560250004003","680408","0","Yes",265,170,64.2,230,155,67.4,NA,NA,NA,NA,NA,NA,NA,NA,NA,NA,NA,NA,NA,NA,0,0,0,0,0,0,NA,NA,NA,NA,NA
"560250004004","728106","0","Yes",175,85,48.6,105,30,28.6,NA,NA,NA,NA,NA,NA,NA,NA,NA,NA,NA,NA,NA,NA,0,0,0,0,0,0,NA,NA,NA,NA,NA
"560250005011","888149","0","No",320,0,0,225,0,0,NA,NA,NA,NA,NA,NA,NA,NA,NA,NA,NA,NA,NA,NA,0,0,0,0,0,0,NA,NA,NA,NA,NA
"560250005012","1758793","0","Yes",635,365,57.5,505,305,60.4,NA,NA,NA,NA,NA,NA,NA,NA,NA,NA,NA,NA,NA,NA,0,0,0,0,0,0,NA,NA,NA,NA,NA
"560250005013","652322","0","No",130,0,0,120,0,0,NA,NA,NA,NA,NA,NA,NA,NA,NA,NA,NA,NA,NA,NA,0,0,0,0,0,0,NA,NA,NA,NA,NA
"560250005021","1148184","0","Yes",670,340,50.7,490,275,56.1,NA,NA,NA,NA,NA,NA,NA,NA,NA,NA,NA,NA,NA,NA,0,0,0,0,0,0,NA,NA,NA,NA,NA
"560250005022","805859","0","No",245,20,8.2,150,20,13.3,NA,NA,NA,NA,NA,NA,NA,NA,NA,NA,NA,NA,NA,NA,0,0,0,0,0,0,NA,NA,NA,NA,NA
"560250006001","781882","0","No",355,35,9.9,175,15,8.6,NA,NA,NA,NA,NA,NA,NA,NA,NA,NA,NA,NA,NA,NA,0,0,0,0,0,0,NA,NA,NA,NA,NA
"560250006002","700438","0","No",655,55,8.4,480,15,3.1,NA,NA,NA,NA,NA,NA,NA,NA,NA,NA,NA,NA,NA,NA,0,0,0,0,0,0,NA,NA,NA,NA,NA
"560250006003","4260294","0","No",330,70,21.2,235,55,23.4,NA,NA,NA,NA,NA,NA,NA,NA,NA,NA,NA,NA,NA,NA,0,0,0,0,0,0,NA,NA,NA,NA,NA
"560250006004","4622064","0","No",800,125,15.6,660,65,9.8,NA,NA,NA,NA,NA,NA,NA,NA,NA,NA,NA,NA,NA,NA,0,0,0,0,0,0,NA,NA,NA,NA,NA
"560250007001","448500","0","No",125,20,16,85,4,4.7,NA,NA,NA,NA,NA,NA,NA,NA,NA,NA,NA,NA,NA,NA,0,0,0,0,0,0,NA,NA,NA,NA,NA
"560250007002","419719","0","No",210,80,38.1,150,70,46.7,"560250003003",90,125,72,75,85,88.2,"560250002003",10,30,33.3,10,10,100,180,365,49.3150684931507,155,245,63.265306122449,10,0,10,1,9
"560250007003","782763","0","No",255,0,0,185,0,0,NA,NA,NA,NA,NA,NA,NA,NA,NA,NA,NA,NA,NA,NA,0,0,0,0,0,0,NA,NA,NA,NA,NA
"560250008001","1825986","178481","No",365,135,37,275,85,30.9,NA,NA,NA,NA,NA,NA,NA,NA,NA,NA,NA,NA,NA,NA,0,0,0,0,0,0,NA,NA,NA,NA,NA
"560250008002","511996","0","No",205,45,22,135,30,22.2,NA,NA,NA,NA,NA,NA,NA,NA,NA,NA,NA,NA,NA,NA,0,0,0,0,0,0,NA,NA,NA,NA,NA
"560250008003","1494873","0","No",515,205,39.8,335,155,46.3,NA,NA,NA,NA,NA,NA,NA,NA,NA,NA,NA,NA,NA,NA,0,0,0,0,0,0,10,0,10,1,9
"560250009011","1700214","0","Yes",365,200,54.8,260,190,73.1,NA,NA,NA,NA,NA,NA,NA,NA,NA,NA,NA,NA,NA,NA,0,0,0,0,0,0,NA,NA,NA,NA,NA
"560250009012","819651","0","No",515,230,44.7,420,175,41.7,NA,NA,NA,NA,NA,NA,NA,NA,NA,NA,NA,NA,NA,NA,0,0,0,0,0,0,6,0,6,0,6
"560250009013","3053765","0","No",460,125,27.2,330,105,31.8,NA,NA,NA,NA,NA,NA,NA,NA,NA,NA,NA,NA,NA,NA,0,0,0,0,0,0,NA,NA,NA,NA,NA
"560250009021","649151","0","No",195,0,0,105,0,0,NA,NA,NA,NA,NA,NA,NA,NA,NA,NA,NA,NA,NA,NA,0,0,0,0,0,0,NA,NA,NA,NA,NA
"560250009022","2391936","0","No",330,65,19.7,205,40,19.5,NA,NA,NA,NA,NA,NA,NA,NA,NA,NA,NA,NA,NA,NA,0,0,0,0,0,0,NA,NA,NA,NA,NA
"560250009023","771213","0","No",185,65,35.1,125,25,20,NA,NA,NA,NA,NA,NA,NA,NA,NA,NA,NA,NA,NA,NA,0,0,0,0,0,0,NA,NA,NA,NA,NA
"560250010001","3231256","235752","No",675,235,34.8,475,165,34.7,NA,NA,NA,NA,NA,NA,NA,NA,NA,NA,NA,NA,NA,NA,0,0,0,0,0,0,NA,NA,NA,NA,NA
"560250010002","1856282","48211","No",685,125,18.2,400,120,30,NA,NA,NA,NA,NA,NA,NA,NA,NA,NA,NA,NA,NA,NA,0,0,0,0,0,0,NA,NA,NA,NA,NA
"560250011001","1888799","78520","Yes",390,190,48.7,240,130,54.2,NA,NA,NA,NA,NA,NA,NA,NA,NA,NA,NA,NA,NA,NA,0,0,0,0,0,0,NA,NA,NA,NA,NA
"560250011002","6320351","305570","Yes",385,165,42.9,285,130,45.6,NA,NA,NA,NA,NA,NA,NA,NA,NA,NA,NA,NA,NA,NA,0,0,0,0,0,0,NA,NA,NA,NA,NA
"560250012001","8471128","142630","Yes",145,95,65.5,105,65,61.9,NA,NA,NA,NA,NA,NA,NA,NA,NA,NA,NA,NA,NA,NA,0,0,0,0,0,0,NA,NA,NA,NA,NA
"560250012002","4478434","0","No",230,65,28.3,120,30,25,NA,NA,NA,NA,NA,NA,NA,NA,NA,NA,NA,NA,NA,NA,0,0,0,0,0,0,NA,NA,NA,NA,NA
"560250014011","1256703972","2946271","No",1035,285,27.5,810,250,30.9,NA,NA,NA,NA,NA,NA,NA,NA,NA,NA,NA,NA,NA,NA,0,0,0,0,0,0,NA,NA,NA,NA,NA
"560250014012","1635165402","5032270","No",510,80,15.7,295,45,15.3,NA,NA,NA,NA,NA,NA,NA,NA,NA,NA,NA,NA,NA,NA,0,0,0,0,0,0,NA,NA,NA,NA,NA
"560250016021","7044361","218460","No",740,320,43.2,570,240,42.1,"560250004001",295,500,59,235,350,67.1,"560250005021",340,670,50.7,275,490,56.1,955,1910,50,750,1410,53.1914893617021,28,3,25,9,19
"560250016022","6686579","0","No",1070,25,2.3,955,25,2.6,NA,NA,NA,NA,NA,NA,NA,NA,NA,NA,NA,NA,NA,NA,0,0,0,0,0,0,NA,NA,NA,NA,NA
"560250016031","23948497","0","No",435,35,8,210,0,0,NA,NA,NA,NA,NA,NA,NA,NA,NA,NA,NA,NA,NA,NA,0,0,0,0,0,0,NA,NA,NA,NA,NA
"560250016032","25032151","49349","No",720,25,3.5,445,10,2.2,NA,NA,NA,NA,NA,NA,NA,NA,NA,NA,NA,NA,NA,NA,0,0,0,0,0,0,NA,NA,NA,NA,NA
"560250017001","12508293","0","No",295,65,22,115,30,26.1,NA,NA,NA,NA,NA,NA,NA,NA,NA,NA,NA,NA,NA,NA,0,0,0,0,0,0,NA,NA,NA,NA,NA
"560250017002","14875907","368438","No",1250,350,28,955,235,24.6,NA,NA,NA,NA,NA,NA,NA,NA,NA,NA,NA,NA,NA,NA,0,0,0,0,0,0,NA,NA,NA,NA,NA
"560250018001","8514567291","61664513","No",165,20,12.1,100,20,20,NA,NA,NA,NA,NA,NA,NA,NA,NA,NA,NA,NA,NA,NA,0,0,0,0,0,0,NA,NA,NA,NA,NA
"560250018002","1973851161","18785255","No",250,0,0,135,0,0,NA,NA,NA,NA,NA,NA,NA,NA,NA,NA,NA,NA,NA,NA,0,0,0,0,0,0,NA,NA,NA,NA,NA
"560250018003","294267975","820575","No",200,85,42.5,80,25,31.3,NA,NA,NA,NA,NA,NA,NA,NA,NA,NA,NA,NA,NA,NA,0,0,0,0,0,0,15,0,15,0,15
"560279572001","6755493159","4898903","No",100,30,30,45,4,8.9,NA,NA,NA,NA,NA,NA,NA,NA,NA,NA,NA,NA,NA,NA,0,0,0,0,0,0,NA,NA,NA,NA,NA
"560279572002","34442620","70547","Yes",270,135,50,130,50,38.5,NA,NA,NA,NA,NA,NA,NA,NA,NA,NA,NA,NA,NA,NA,0,0,0,0,0,0,NA,NA,NA,NA,NA
"560279572003","11444900","0","No",135,35,25.9,105,25,23.8,NA,NA,NA,NA,NA,NA,NA,NA,NA,NA,NA,NA,NA,NA,0,0,0,0,0,0,NA,NA,NA,NA,NA
"560299651001","816465055","409332","No",455,150,33,340,150,44.1,"560039628004",170,355,47.9,130,255,51,"560299652001",200,225,88.9,200,215,93,520,1035,50.2415458937198,480,810,59.2592592592593,28,2,26,4,24
"560299651002","424948654","1060821","No",280,85,30.4,145,50,34.5,NA,NA,NA,NA,NA,NA,NA,NA,NA,NA,NA,NA,NA,NA,0,0,0,0,0,0,NA,NA,NA,NA,NA
"560299651003","353647819","1760396","No",355,0,0,175,0,0,NA,NA,NA,NA,NA,NA,NA,NA,NA,NA,NA,NA,NA,NA,0,0,0,0,0,0,NA,NA,NA,NA,NA
"560299651004","133975073","11007","No",140,25,17.9,110,25,22.7,NA,NA,NA,NA,NA,NA,NA,NA,NA,NA,NA,NA,NA,NA,0,0,0,0,0,0,NA,NA,NA,NA,NA
"560299652001","1928445","0","Yes",225,200,88.9,215,200,93,NA,NA,NA,NA,NA,NA,NA,NA,NA,NA,NA,NA,NA,NA,0,0,0,0,0,0,NA,NA,NA,NA,NA
"560299652002","2903567","0","No",530,30,5.7,390,30,7.7,NA,NA,NA,NA,NA,NA,NA,NA,NA,NA,NA,NA,NA,NA,0,0,0,0,0,0,NA,NA,NA,NA,NA
"560299652003","515416","0","No",240,20,8.3,220,0,0,NA,NA,NA,NA,NA,NA,NA,NA,NA,NA,NA,NA,NA,NA,0,0,0,0,0,0,NA,NA,NA,NA,NA
"560299652004","4095783","0","No",130,60,46.2,120,50,41.7,"560299651001",150,455,33,150,340,44.1,"560299652001",200,225,88.9,200,215,93,410,810,50.6172839506173,400,675,59.2592592592593,21,4,17,4,17
"560299652005","861461","0","Yes",305,160,52.5,110,0,0,NA,NA,NA,NA,NA,NA,NA,NA,NA,NA,NA,NA,NA,NA,0,0,0,0,0,0,NA,NA,NA,NA,NA
"560299653001","10006135682","23167379","No",200,0,0,155,0,0,NA,NA,NA,NA,NA,NA,NA,NA,NA,NA,NA,NA,NA,NA,0,0,0,0,0,0,NA,NA,NA,NA,NA
"560299653002","87986677","448533","No",310,15,4.8,295,0,0,NA,NA,NA,NA,NA,NA,NA,NA,NA,NA,NA,NA,NA,NA,0,0,0,0,0,0,NA,NA,NA,NA,NA
"560299653003","145113622","225211","No",50,0,0,50,0,0,NA,NA,NA,NA,NA,NA,NA,NA,NA,NA,NA,NA,NA,NA,0,0,0,0,0,0,NA,NA,NA,NA,NA
"560299653004","3621523085","10387363","Yes",300,155,51.7,240,135,56.3,NA,NA,NA,NA,NA,NA,NA,NA,NA,NA,NA,NA,NA,NA,0,0,0,0,0,0,NA,NA,NA,NA,NA
"560299653005","2342877788","26925221","No",330,0,0,255,0,0,NA,NA,NA,NA,NA,NA,NA,NA,NA,NA,NA,NA,NA,NA,0,0,0,0,0,0,NA,NA,NA,NA,NA
"560299654001","2720879","41609","No",385,90,23.4,335,90,26.9,NA,NA,NA,NA,NA,NA,NA,NA,NA,NA,NA,NA,NA,NA,0,0,0,0,0,0,NA,NA,NA,NA,NA
"560299654002","846258","29888","Yes",240,165,68.8,55,20,36.4,NA,NA,NA,NA,NA,NA,NA,NA,NA,NA,NA,NA,NA,NA,0,0,0,0,0,0,NA,NA,NA,NA,NA
"560299654003","4945491","79672","Yes",335,165,49.3,305,165,54.1,NA,NA,NA,NA,NA,NA,NA,NA,NA,NA,NA,NA,NA,NA,0,0,0,0,0,0,NA,NA,NA,NA,NA
"560299654004","8589896","48428","Yes",445,235,52.8,225,130,57.8,NA,NA,NA,NA,NA,NA,NA,NA,NA,NA,NA,NA,NA,NA,0,0,0,0,0,0,NA,NA,NA,NA,NA
"560299655001","9235209","917724","No",485,155,32,275,30,10.9,NA,NA,NA,NA,NA,NA,NA,NA,NA,NA,NA,NA,NA,NA,0,0,0,0,0,0,NA,NA,NA,NA,NA
"560299655002","3455317","0","No",250,100,40,90,40,44.4,NA,NA,NA,NA,NA,NA,NA,NA,NA,NA,NA,NA,NA,NA,0,0,0,0,0,0,15,0,15,0,15
"560299655003","1382740","0","Yes",270,170,63,35,20,57.1,NA,NA,NA,NA,NA,NA,NA,NA,NA,NA,NA,NA,NA,NA,0,0,0,0,0,0,NA,NA,NA,NA,NA
"560319591001","1913916355","58033833","Yes",125,40,32,115,40,34.8,NA,NA,NA,NA,NA,NA,NA,NA,NA,NA,NA,NA,NA,NA,0,0,0,0,0,0,NA,NA,NA,NA,NA
"560319591002","376142497","3789113","Yes",260,175,67.3,155,110,71,NA,NA,NA,NA,NA,NA,NA,NA,NA,NA,NA,NA,NA,NA,0,0,0,0,0,0,NA,NA,NA,NA,NA
"560319594001","932154334","2037338","Yes",75,50,66.7,45,35,77.8,NA,NA,NA,NA,NA,NA,NA,NA,NA,NA,NA,NA,NA,NA,0,0,0,0,0,0,NA,NA,NA,NA,NA
"560319594002","2049300078","5033510","No",30,4,13.3,20,4,20,NA,NA,NA,NA,NA,NA,NA,NA,NA,NA,NA,NA,NA,NA,0,0,0,0,0,0,NA,NA,NA,NA,NA
"560319594003","36284928","106430","Yes",395,305,77.2,295,230,78,NA,NA,NA,NA,NA,NA,NA,NA,NA,NA,NA,NA,NA,NA,0,0,0,0,0,0,NA,NA,NA,NA,NA
"560319594004","27950759","0","No",145,40,27.6,105,40,38.1,NA,NA,NA,NA,NA,NA,NA,NA,NA,NA,NA,NA,NA,NA,0,0,0,0,0,0,NA,NA,NA,NA,NA
"560319594005","2159957","0","No",165,0,0,110,0,0,NA,NA,NA,NA,NA,NA,NA,NA,NA,NA,NA,NA,NA,NA,0,0,0,0,0,0,NA,NA,NA,NA,NA
"560319594006","1126747","0","No",100,0,0,55,0,0,NA,NA,NA,NA,NA,NA,NA,NA,NA,NA,NA,NA,NA,NA,0,0,0,0,0,0,NA,NA,NA,NA,NA
"560319594007","58984060","35729","No",535,55,10.3,345,55,15.9,NA,NA,NA,NA,NA,NA,NA,NA,NA,NA,NA,NA,NA,NA,0,0,0,0,0,0,NA,NA,NA,NA,NA
"560330001001","2505668","0","Yes",175,120,68.6,155,120,77.4,NA,NA,NA,NA,NA,NA,NA,NA,NA,NA,NA,NA,NA,NA,0,0,0,0,0,0,NA,NA,NA,NA,NA
"560330001002","1208214","0","No",190,45,23.7,95,30,31.6,NA,NA,NA,NA,NA,NA,NA,NA,NA,NA,NA,NA,NA,NA,0,0,0,0,0,0,NA,NA,NA,NA,NA
"560330001003","615655","0","No",250,90,36,220,90,40.9,NA,NA,NA,NA,NA,NA,NA,NA,NA,NA,NA,NA,NA,NA,0,0,0,0,0,0,6,0,6,0,6
"560330001004","8663308","0","No",285,0,0,240,0,0,NA,NA,NA,NA,NA,NA,NA,NA,NA,NA,NA,NA,NA,NA,0,0,0,0,0,0,NA,NA,NA,NA,NA
"560330002001","545152","0","No",50,4,8,25,4,16,NA,NA,NA,NA,NA,NA,NA,NA,NA,NA,NA,NA,NA,NA,0,0,0,0,0,0,NA,NA,NA,NA,NA
"560330002002","696616","0","No",455,95,20.9,330,60,18.2,NA,NA,NA,NA,NA,NA,NA,NA,NA,NA,NA,NA,NA,NA,0,0,0,0,0,0,NA,NA,NA,NA,NA
"560330002003","2268456","0","No",250,75,30,160,75,46.9,NA,NA,NA,NA,NA,NA,NA,NA,NA,NA,NA,NA,NA,NA,0,0,0,0,0,0,21,0,21,0,21
"560330003001","1922093","0","No",220,55,25,165,55,33.3,NA,NA,NA,NA,NA,NA,NA,NA,NA,NA,NA,NA,NA,NA,0,0,0,0,0,0,NA,NA,NA,NA,NA
"560330003002","986952","0","No",195,35,17.9,120,25,20.8,NA,NA,NA,NA,NA,NA,NA,NA,NA,NA,NA,NA,NA,NA,0,0,0,0,0,0,NA,NA,NA,NA,NA
"560330003003","1514455","0","No",385,55,14.3,250,45,18,NA,NA,NA,NA,NA,NA,NA,NA,NA,NA,NA,NA,NA,NA,0,0,0,0,0,0,NA,NA,NA,NA,NA
"560330004001","2838460","0","Yes",630,355,56.3,505,270,53.5,NA,NA,NA,NA,NA,NA,NA,NA,NA,NA,NA,NA,NA,NA,0,0,0,0,0,0,NA,NA,NA,NA,NA
"560330004002","915609","0","No",290,70,24.1,245,70,28.6,NA,NA,NA,NA,NA,NA,NA,NA,NA,NA,NA,NA,NA,NA,0,0,0,0,0,0,NA,NA,NA,NA,NA
"560330004003","2441819","11045","Yes",520,170,32.7,230,115,50,NA,NA,NA,NA,NA,NA,NA,NA,NA,NA,NA,NA,NA,NA,0,0,0,0,0,0,NA,NA,NA,NA,NA
"560330005001","3356666264","2793718","No",320,25,7.8,150,20,13.3,NA,NA,NA,NA,NA,NA,NA,NA,NA,NA,NA,NA,NA,NA,0,0,0,0,0,0,NA,NA,NA,NA,NA
"560330005002","31774893","31857","No",335,0,0,115,0,0,NA,NA,NA,NA,NA,NA,NA,NA,NA,NA,NA,NA,NA,NA,0,0,0,0,0,0,NA,NA,NA,NA,NA
"560330005003","246193297","153100","No",310,50,16.1,265,50,18.9,NA,NA,NA,NA,NA,NA,NA,NA,NA,NA,NA,NA,NA,NA,0,0,0,0,0,0,NA,NA,NA,NA,NA
"560330005004","364243737","1683282","No",90,0,0,50,0,0,NA,NA,NA,NA,NA,NA,NA,NA,NA,NA,NA,NA,NA,NA,0,0,0,0,0,0,NA,NA,NA,NA,NA
"560330005005","45930144","45749","No",410,25,6.1,230,0,0,NA,NA,NA,NA,NA,NA,NA,NA,NA,NA,NA,NA,NA,NA,0,0,0,0,0,0,NA,NA,NA,NA,NA
"560330006001","1882315997","2370779","No",385,75,19.5,235,65,27.7,NA,NA,NA,NA,NA,NA,NA,NA,NA,NA,NA,NA,NA,NA,0,0,0,0,0,0,NA,NA,NA,NA,NA
"560330006002","501405252","809282","Yes",515,290,56.3,375,240,64,NA,NA,NA,NA,NA,NA,NA,NA,NA,NA,NA,NA,NA,NA,0,0,0,0,0,0,NA,NA,NA,NA,NA
"560330006003","79823080","87511","No",290,0,0,235,0,0,NA,NA,NA,NA,NA,NA,NA,NA,NA,NA,NA,NA,NA,NA,0,0,0,0,0,0,NA,NA,NA,NA,NA
"560350001011","3821419983","5017646","No",520,160,30.8,375,160,42.7,NA,NA,NA,NA,NA,NA,NA,NA,NA,NA,NA,NA,NA,NA,0,0,0,0,0,0,10,0,10,0,10
"560350001012","2655774679","7664838","No",570,145,25.4,330,60,18.2,NA,NA,NA,NA,NA,NA,NA,NA,NA,NA,NA,NA,NA,NA,0,0,0,0,0,0,NA,NA,NA,NA,NA
"560350001021","2906474704","26307433","No",855,220,25.7,720,220,30.6,NA,NA,NA,NA,NA,NA,NA,NA,NA,NA,NA,NA,NA,NA,0,0,0,0,0,0,NA,NA,NA,NA,NA
"560350001022","3272259780","88363711","No",660,85,12.9,285,10,3.5,NA,NA,NA,NA,NA,NA,NA,NA,NA,NA,NA,NA,NA,NA,0,0,0,0,0,0,NA,NA,NA,NA,NA
"560379705001","2641746485","14988436","Yes",325,180,55.4,230,165,71.7,NA,NA,NA,NA,NA,NA,NA,NA,NA,NA,NA,NA,NA,NA,0,0,0,0,0,0,NA,NA,NA,NA,NA
"560379705002","3029657","156410","Yes",375,95,25.3,240,80,33.3,NA,NA,NA,NA,NA,NA,NA,NA,NA,NA,NA,NA,NA,NA,0,0,0,0,0,0,NA,NA,NA,NA,NA
"560379706011","86839060","1152842","Yes",365,165,45.2,245,135,55.1,NA,NA,NA,NA,NA,NA,NA,NA,NA,NA,NA,NA,NA,NA,0,0,0,0,0,0,NA,NA,NA,NA,NA
"560379706012","503891","0","Yes",310,110,35.5,170,100,58.8,NA,NA,NA,NA,NA,NA,NA,NA,NA,NA,NA,NA,NA,NA,0,0,0,0,0,0,NA,NA,NA,NA,NA
"560379706013","605740","22194","Yes",105,70,66.7,50,30,60,NA,NA,NA,NA,NA,NA,NA,NA,NA,NA,NA,NA,NA,NA,0,0,0,0,0,0,NA,NA,NA,NA,NA
"560379706014","970976","0","No",585,235,40.2,435,175,40.2,NA,NA,NA,NA,NA,NA,NA,NA,NA,NA,NA,NA,NA,NA,0,0,0,0,0,0,10,0,10,0,10
"560379706021","359591","0","No",330,150,45.5,190,85,44.7,"560379706012",110,310,35.5,100,170,58.8,"560379706013",70,105,66.7,30,50,60,330,745,44.2953020134228,215,410,52.4390243902439,10,0,10,1,9
"560379706022","561232","0","No",435,0,0,310,0,0,NA,NA,NA,NA,NA,NA,NA,NA,NA,NA,NA,NA,NA,NA,0,0,0,0,0,0,NA,NA,NA,NA,NA
"560379706023","576946","0","No",305,40,13.1,185,0,0,NA,NA,NA,NA,NA,NA,NA,NA,NA,NA,NA,NA,NA,NA,0,0,0,0,0,0,NA,NA,NA,NA,NA
"560379707001","2612685434","70037740","No",485,30,6.2,335,30,9,NA,NA,NA,NA,NA,NA,NA,NA,NA,NA,NA,NA,NA,NA,0,0,0,0,0,0,NA,NA,NA,NA,NA
"560379707002","33348275","336318","Yes",170,75,44.1,135,75,55.6,NA,NA,NA,NA,NA,NA,NA,NA,NA,NA,NA,NA,NA,NA,0,0,0,0,0,0,NA,NA,NA,NA,NA
"560379707003","4734873","0","No",275,80,29.1,195,65,33.3,NA,NA,NA,NA,NA,NA,NA,NA,NA,NA,NA,NA,NA,NA,0,0,0,0,0,0,NA,NA,NA,NA,NA
"560379708001","128968895","0","No",240,0,0,165,0,0,NA,NA,NA,NA,NA,NA,NA,NA,NA,NA,NA,NA,NA,NA,0,0,0,0,0,0,NA,NA,NA,NA,NA
"560379708002","4563065","0","No",330,105,31.8,165,15,9.1,NA,NA,NA,NA,NA,NA,NA,NA,NA,NA,NA,NA,NA,NA,0,0,0,0,0,0,NA,NA,NA,NA,NA
"560379708003","3273252","0","No",40,0,0,30,0,0,NA,NA,NA,NA,NA,NA,NA,NA,NA,NA,NA,NA,NA,NA,0,0,0,0,0,0,NA,NA,NA,NA,NA
"560379708004","800427","0","No",480,145,30.2,395,145,36.7,NA,NA,NA,NA,NA,NA,NA,NA,NA,NA,NA,NA,NA,NA,0,0,0,0,0,0,NA,NA,NA,NA,NA
"560379709011","1317551","0","No",625,45,7.2,270,25,9.3,NA,NA,NA,NA,NA,NA,NA,NA,NA,NA,NA,NA,NA,NA,0,0,0,0,0,0,NA,NA,NA,NA,NA
"560379709012","24043511","0","No",1210,40,3.3,900,10,1.1,NA,NA,NA,NA,NA,NA,NA,NA,NA,NA,NA,NA,NA,NA,0,0,0,0,0,0,NA,NA,NA,NA,NA
"560379709013","2628346","16090","No",140,0,0,20,0,0,NA,NA,NA,NA,NA,NA,NA,NA,NA,NA,NA,NA,NA,NA,0,0,0,0,0,0,NA,NA,NA,NA,NA
"560379709014","83518940","43943","No",505,170,33.7,210,0,0,NA,NA,NA,NA,NA,NA,NA,NA,NA,NA,NA,NA,NA,NA,0,0,0,0,0,0,NA,NA,NA,NA,NA
"560379709021","5140275","0","No",165,0,0,140,0,0,NA,NA,NA,NA,NA,NA,NA,NA,NA,NA,NA,NA,NA,NA,0,0,0,0,0,0,NA,NA,NA,NA,NA
"560379709022","941730","0","Yes",840,510,60.7,650,395,60.8,NA,NA,NA,NA,NA,NA,NA,NA,NA,NA,NA,NA,NA,NA,0,0,0,0,0,0,NA,NA,NA,NA,NA
"560379709023","1247601","0","No",665,130,19.5,520,100,19.2,NA,NA,NA,NA,NA,NA,NA,NA,NA,NA,NA,NA,NA,NA,0,0,0,0,0,0,NA,NA,NA,NA,NA
"560379709031","1153098","0","Yes",345,195,56.5,315,170,54,NA,NA,NA,NA,NA,NA,NA,NA,NA,NA,NA,NA,NA,NA,0,0,0,0,0,0,NA,NA,NA,NA,NA
"560379709032","11124761","0","Yes",505,265,52.5,400,230,57.5,NA,NA,NA,NA,NA,NA,NA,NA,NA,NA,NA,NA,NA,NA,0,0,0,0,0,0,NA,NA,NA,NA,NA
"560379710001","1574896","0","No",285,60,21.1,195,35,17.9,NA,NA,NA,NA,NA,NA,NA,NA,NA,NA,NA,NA,NA,NA,0,0,0,0,0,0,NA,NA,NA,NA,NA
"560379710002","124443864","0","No",305,100,32.8,220,80,36.4,NA,NA,NA,NA,NA,NA,NA,NA,NA,NA,NA,NA,NA,NA,0,0,0,0,0,0,NA,NA,NA,NA,NA
"560379711001","687385","0","No",355,90,25.4,265,75,28.3,NA,NA,NA,NA,NA,NA,NA,NA,NA,NA,NA,NA,NA,NA,0,0,0,0,0,0,NA,NA,NA,NA,NA
"560379711002","704518","0","Yes",245,145,59.2,155,85,54.8,NA,NA,NA,NA,NA,NA,NA,NA,NA,NA,NA,NA,NA,NA,0,0,0,0,0,0,NA,NA,NA,NA,NA
"560379711003","10589710","0","No",230,95,41.3,150,50,33.3,"560379712002",300,600,50,275,545,50.5,"560379711002",145,245,59.2,85,155,54.8,540,1075,50.2325581395349,410,850,48.2352941176471,10,1,9,0,10
"560379712001","937903","0","No",255,55,21.6,215,55,25.6,NA,NA,NA,NA,NA,NA,NA,NA,NA,NA,NA,NA,NA,NA,0,0,0,0,0,0,NA,NA,NA,NA,NA
"560379712002","33968579","0","Yes",600,300,50,545,275,50.5,NA,NA,NA,NA,NA,NA,NA,NA,NA,NA,NA,NA,NA,NA,0,0,0,0,0,0,NA,NA,NA,NA,NA
"560379716001","5535883165","8311287","No",245,85,34.7,150,65,43.3,NA,NA,NA,NA,NA,NA,NA,NA,NA,NA,NA,NA,NA,NA,0,0,0,0,0,0,28,0,28,3,25
"560379716002","15642264574","71181041","No",145,45,31,90,25,27.8,NA,NA,NA,NA,NA,NA,NA,NA,NA,NA,NA,NA,NA,NA,0,0,0,0,0,0,NA,NA,NA,NA,NA
"560399676001","2003189377","137607962","No",400,0,0,305,0,0,NA,NA,NA,NA,NA,NA,NA,NA,NA,NA,NA,NA,NA,NA,0,0,0,0,0,0,NA,NA,NA,NA,NA
"560399676002","6137768446","419637959","No",40,10,25,30,0,0,NA,NA,NA,NA,NA,NA,NA,NA,NA,NA,NA,NA,NA,NA,0,0,0,0,0,0,NA,NA,NA,NA,NA
"560399676003","1852655598","8755870","No",250,60,24,155,40,25.8,NA,NA,NA,NA,NA,NA,NA,NA,NA,NA,NA,NA,NA,NA,0,0,0,0,0,0,NA,NA,NA,NA,NA
"560399677011","60089804","78256","No",330,0,0,235,0,0,NA,NA,NA,NA,NA,NA,NA,NA,NA,NA,NA,NA,NA,NA,0,0,0,0,0,0,NA,NA,NA,NA,NA
"560399677012","909600","14261","No",200,60,30,180,60,33.3,NA,NA,NA,NA,NA,NA,NA,NA,NA,NA,NA,NA,NA,NA,0,0,0,0,0,0,NA,NA,NA,NA,NA
"560399677021","129358198","1149954","No",535,85,15.9,355,0,0,NA,NA,NA,NA,NA,NA,NA,NA,NA,NA,NA,NA,NA,NA,0,0,0,0,0,0,NA,NA,NA,NA,NA
"560399677022","19660636","667037","No",335,45,13.4,200,45,22.5,NA,NA,NA,NA,NA,NA,NA,NA,NA,NA,NA,NA,NA,NA,0,0,0,0,0,0,NA,NA,NA,NA,NA
"560399677023","50936395","552696","No",310,130,41.9,270,130,48.1,NA,NA,NA,NA,NA,NA,NA,NA,NA,NA,NA,NA,NA,NA,0,0,0,0,0,0,45,0,45,0,45
"560399677024","19398201","1559668","No",415,90,21.7,150,0,0,NA,NA,NA,NA,NA,NA,NA,NA,NA,NA,NA,NA,NA,NA,0,0,0,0,0,0,NA,NA,NA,NA,NA
"560399678001","7611142","19646","No",225,90,40,180,45,25,NA,NA,NA,NA,NA,NA,NA,NA,NA,NA,NA,NA,NA,NA,0,0,0,0,0,0,3,0,3,0,3
"560399678002","1056977","0","Yes",400,350,87.5,375,350,93.3,NA,NA,NA,NA,NA,NA,NA,NA,NA,NA,NA,NA,NA,NA,0,0,0,0,0,0,NA,NA,NA,NA,NA
"560399678003","4547748","10502","No",95,0,0,95,0,0,NA,NA,NA,NA,NA,NA,NA,NA,NA,NA,NA,NA,NA,NA,0,0,0,0,0,0,NA,NA,NA,NA,NA
"560399678004","646855","10222","No",175,0,0,175,0,0,NA,NA,NA,NA,NA,NA,NA,NA,NA,NA,NA,NA,NA,NA,0,0,0,0,0,0,NA,NA,NA,NA,NA
"560399678005","63956176","799988","No",755,180,23.8,485,60,12.4,NA,NA,NA,NA,NA,NA,NA,NA,NA,NA,NA,NA,NA,NA,0,0,0,0,0,0,NA,NA,NA,NA,NA
"560419752001","25631975","0","No",425,145,34.1,360,145,40.3,NA,NA,NA,NA,NA,NA,NA,NA,NA,NA,NA,NA,NA,NA,0,0,0,0,0,0,3,0,3,0,3
"560419752002","16321336","638916","No",575,145,25.2,395,85,21.5,NA,NA,NA,NA,NA,NA,NA,NA,NA,NA,NA,NA,NA,NA,0,0,0,0,0,0,NA,NA,NA,NA,NA
"560419752003","2782707680","4448199","No",180,10,5.6,65,10,15.4,NA,NA,NA,NA,NA,NA,NA,NA,NA,NA,NA,NA,NA,NA,0,0,0,0,0,0,NA,NA,NA,NA,NA
"560419752004","129310762","14675","No",795,135,17,610,125,20.5,NA,NA,NA,NA,NA,NA,NA,NA,NA,NA,NA,NA,NA,NA,0,0,0,0,0,0,NA,NA,NA,NA,NA
"560419753001","517891751","483084","Yes",530,375,70.8,355,250,70.4,NA,NA,NA,NA,NA,NA,NA,NA,NA,NA,NA,NA,NA,NA,0,0,0,0,0,0,NA,NA,NA,NA,NA
"560419753002","2796874","0","No",535,180,33.6,420,180,42.9,"560419754005",190,320,59.4,170,255,66.7,"560419754002",40,250,16,25,50,50,410,1105,37.10407239819,375,725,51.7241379310345,15,1,14,7,8
"560419753003","3927280","0","No",375,160,42.7,280,110,39.3,NA,NA,NA,NA,NA,NA,NA,NA,NA,NA,NA,NA,NA,NA,0,0,0,0,0,0,6,0,6,1,5
"560419753004","1487226","0","No",230,25,10.9,190,25,13.2,NA,NA,NA,NA,NA,NA,NA,NA,NA,NA,NA,NA,NA,NA,0,0,0,0,0,0,NA,NA,NA,NA,NA
"560419753005","15920664","0","No",380,10,2.6,245,10,4.1,NA,NA,NA,NA,NA,NA,NA,NA,NA,NA,NA,NA,NA,NA,0,0,0,0,0,0,NA,NA,NA,NA,NA
"560419753006","1763629934","2222040","Yes",430,190,44.2,240,155,64.6,NA,NA,NA,NA,NA,NA,NA,NA,NA,NA,NA,NA,NA,NA,0,0,0,0,0,0,NA,NA,NA,NA,NA
"560419754001","13474519","0","Yes",145,145,100,90,90,100,NA,NA,NA,NA,NA,NA,NA,NA,NA,NA,NA,NA,NA,NA,0,0,0,0,0,0,NA,NA,NA,NA,NA
"560419754002","4500862","13339","Yes",250,40,16,50,25,50,NA,NA,NA,NA,NA,NA,NA,NA,NA,NA,NA,NA,NA,NA,0,0,0,0,0,0,NA,NA,NA,NA,NA
"560419754003","3409229","0","Yes",580,445,76.7,435,325,74.7,NA,NA,NA,NA,NA,NA,NA,NA,NA,NA,NA,NA,NA,NA,0,0,0,0,0,0,NA,NA,NA,NA,NA
"560419754004","108604238","8435192","Yes",255,50,19.6,130,15,11.5,NA,NA,NA,NA,NA,NA,NA,NA,NA,NA,NA,NA,NA,NA,0,0,0,0,0,0,NA,NA,NA,NA,NA
"560419754005","1710641","90192","Yes",320,190,59.4,255,170,66.7,NA,NA,NA,NA,NA,NA,NA,NA,NA,NA,NA,NA,NA,NA,0,0,0,0,0,0,NA,NA,NA,NA,NA
"560419754006","586981","0","Yes",470,350,74.5,200,145,72.5,NA,NA,NA,NA,NA,NA,NA,NA,NA,NA,NA,NA,NA,NA,0,0,0,0,0,0,NA,NA,NA,NA,NA
"560430002001","1312765115","4848994","Yes",35,20,57.1,35,20,57.1,NA,NA,NA,NA,NA,NA,NA,NA,NA,NA,NA,NA,NA,NA,0,0,0,0,0,0,NA,NA,NA,NA,NA
"560430002002","4450888504","4893123","Yes",285,100,35.1,215,75,34.9,NA,NA,NA,NA,NA,NA,NA,NA,NA,NA,NA,NA,NA,NA,0,0,0,0,0,0,NA,NA,NA,NA,NA
"560430002003","17044150","26469","Yes",305,200,65.6,255,190,74.5,NA,NA,NA,NA,NA,NA,NA,NA,NA,NA,NA,NA,NA,NA,0,0,0,0,0,0,NA,NA,NA,NA,NA
"560430003011","487391","0","Yes",180,155,86.1,165,145,87.9,NA,NA,NA,NA,NA,NA,NA,NA,NA,NA,NA,NA,NA,NA,0,0,0,0,0,0,NA,NA,NA,NA,NA
"560430003012","617263","0","Yes",250,115,46,205,105,51.2,NA,NA,NA,NA,NA,NA,NA,NA,NA,NA,NA,NA,NA,NA,0,0,0,0,0,0,NA,NA,NA,NA,NA
"560430003013","888549","0","Yes",260,150,57.7,115,75,65.2,NA,NA,NA,NA,NA,NA,NA,NA,NA,NA,NA,NA,NA,NA,0,0,0,0,0,0,NA,NA,NA,NA,NA
"560430003021","13666846","686999","Yes",425,265,62.4,270,190,70.4,NA,NA,NA,NA,NA,NA,NA,NA,NA,NA,NA,NA,NA,NA,0,0,0,0,0,0,NA,NA,NA,NA,NA
"560430003022","1762368","0","Yes",325,120,36.9,180,65,36.1,NA,NA,NA,NA,NA,NA,NA,NA,NA,NA,NA,NA,NA,NA,0,0,0,0,0,0,NA,NA,NA,NA,NA
"560459511001","1994428400","1401069","No",300,100,33.3,160,55,34.4,NA,NA,NA,NA,NA,NA,NA,NA,NA,NA,NA,NA,NA,NA,0,0,0,0,0,0,NA,NA,NA,NA,NA
"560459511002","4105578313","3640657","No",250,75,30,195,60,30.8,NA,NA,NA,NA,NA,NA,NA,NA,NA,NA,NA,NA,NA,NA,0,0,0,0,0,0,NA,NA,NA,NA,NA
"560459513001","40703757","0","Yes",270,130,48.1,240,130,54.2,NA,NA,NA,NA,NA,NA,NA,NA,NA,NA,NA,NA,NA,NA,0,0,0,0,0,0,NA,NA,NA,NA,NA
"560459513002","10386230","0","Yes",175,115,65.7,135,90,66.7,NA,NA,NA,NA,NA,NA,NA,NA,NA,NA,NA,NA,NA,NA,0,0,0,0,0,0,NA,NA,NA,NA,NA
"560459513003","59707409","183772","No",550,190,34.5,440,160,36.4,NA,NA,NA,NA,NA,NA,NA,NA,NA,NA,NA,NA,NA,NA,0,0,0,0,0,0,NA,NA,NA,NA,NA
